{
  "data": [
    {
      "attributes": {
        "children": null,
        "count": 14,
        "date": "2018-02-04T16",
        "timestamp": 1517760000000
      },
      "id": "2018-02-04T16",
      "type": "DateHistogram"
    },
    {
      "attributes": {
        "children": null,
        "count": 72,
        "date": "2018-02-04T17",
        "timestamp": 1517763600000
      },
      "id": "2018-02-04T17",
      "type": "DateHistogram"
    },
    {
      "attributes": {
        "children": null,
        "count": 2,
        "date": "2018-02-04T18",
        "timestamp": 1517767200000
      },
      "id": "2018-02-04T18",
      "type": "DateHistogram"
    },
    {
      "attributes": {
        "children": null,
        "count": 0,
        "date": "2018-02-04T19",
        "timestamp": 1517770800000
      },
      "id": "2018-02-04T19",
      "type": "DateHistogram"
    },
    {
      "attributes": {
        "children": null,
        "count": 49,
        "date": "2018-02-04T20",
        "timestamp": 1517774400000
      },
      "id": "2018-02-04T20",
      "type": "DateHistogram"
    },
    {
      "attributes": {
        "children": null,
        "count": 1,
        "date": "2018-02-04T21",
        "timestamp": 1517778000000
      },
      "id": "2018-02-04T21",
      "type": "DateHistogram"
    },
    {
      "attributes": {
        "children": null,
        "count": 1509,
        "date": "2018-02-04T22",
        "timestamp": 1517781600000
      },
      "id": "2018-02-04T22",
      "type": "DateHistogram"
    },
    {
      "attributes": {
        "children": null,
        "count": 65,
        "date": "2018-02-04T23",
        "timestamp": 1517785200000
      },
      "id": "2018-02-04T23",
      "type": "DateHistogram"
    },
    {
      "attributes": {
        "children": null,
        "count": 176,
        "date": "2018-02-05T00",
        "timestamp": 1517788800000
      },
      "id": "2018-02-05T00",
      "type": "DateHistogram"
    },
    {
      "attributes": {
        "children": null,
        "count": 0,
        "date": "2018-02-05T01",
        "timestamp": 1517792400000
      },
      "id": "2018-02-05T01",
      "type": "DateHistogram"
    },
    {
      "attributes": {
        "children": null,
        "count": 985,
        "date": "2018-02-05T02",
        "timestamp": 1517796000000
      },
      "id": "2018-02-05T02",
      "type": "DateHistogram"
    },
    {
      "attributes": {
        "children": null,
        "count": 0,
        "date": "2018-02-05T03",
        "timestamp": 1517799600000
      },
      "id": "2018-02-05T03",
      "type": "DateHistogram"
    },
    {
      "attributes": {
        "children": null,
        "count": 0,
        "date": "2018-02-05T04",
        "timestamp": 1517803200000
      },
      "id": "2018-02-05T04",
      "type": "DateHistogram"
    },
    {
      "attributes": {
        "children": null,
        "count": 1187,
        "date": "2018-02-05T05",
        "timestamp": 1517806800000
      },
      "id": "2018-02-05T05",
      "type": "DateHistogram"
    },
    {
      "attributes": {
        "children": null,
        "count": 52,
        "date": "2018-02-05T06",
        "timestamp": 1517810400000
      },
      "id": "2018-02-05T06",
      "type": "DateHistogram"
    },
    {
      "attributes": {
        "children": null,
        "count": 1179,
        "date": "2018-02-05T07",
        "timestamp": 1517814000000
      },
      "id": "2018-02-05T07",
      "type": "DateHistogram"
    },
    {
      "attributes": {
        "children": null,
        "count": 33,
        "date": "2018-02-05T08",
        "timestamp": 1517817600000
      },
      "id": "2018-02-05T08",
      "type": "DateHistogram"
    },
    {
      "attributes": {
        "children": null,
        "count": 0,
        "date": "2018-02-05T09",
        "timestamp": 1517821200000
      },
      "id": "2018-02-05T09",
      "type": "DateHistogram"
    },
    {
      "attributes": {
        "children": null,
        "count": 38,
        "date": "2018-02-05T10",
        "timestamp": 1517824800000
      },
      "id": "2018-02-05T10",
      "type": "DateHistogram"
    },
    {
      "attributes": {
        "children": null,
        "count": 0,
        "date": "2018-02-05T11",
        "timestamp": 1517828400000
      },
      "id": "2018-02-05T11",
      "type": "DateHistogram"
    },
    {
      "attributes": {
        "children": null,
        "count": 0,
        "date": "2018-02-05T12",
        "timestamp": 1517832000000
      },
      "id": "2018-02-05T12",
      "type": "DateHistogram"
    },
    {
      "attributes": {
        "children": null,
        "count": 0,
        "date": "2018-02-05T13",
        "timestamp": 1517835600000
      },
      "id": "2018-02-05T13",
      "type": "DateHistogram"
    },
    {
      "attributes": {
        "children": null,
        "count": 0,
        "date": "2018-02-05T14",
        "timestamp": 1517839200000
      },
      "id": "2018-02-05T14",
      "type": "DateHistogram"
    },
    {
      "attributes": {
        "children": null,
        "count": 0,
        "date": "2018-02-05T15",
        "timestamp": 1517842800000
      },
      "id": "2018-02-05T15",
      "type": "DateHistogram"
    }
  ]
}